"ProductPhotoID","ThumbNailPhoto","ThumbnailPhotoFileName","LargePhoto","LargePhotoFileName","ModifiedDate"
"1","System.Byte[]","no_image_available_small.gif","System.Byte[]","no_image_available_large.gif","4/30/2008 12:00:00 AM"
"69","System.Byte[]","racer02_black_f_small.gif","System.Byte[]","racer02_black_f_large.gif","4/30/2008 12:00:00 AM"
"70","System.Byte[]","racer02_black_small.gif","System.Byte[]","racer02_black_large.gif","10/19/2012 9:56:38 AM"
"72","System.Byte[]","racer02_blue_f_small.gif","System.Byte[]","racer02_blue_f_large.gif","10/19/2012 9:56:38 AM"
"73","System.Byte[]","racer02_blue_small.gif","System.Byte[]","racer02_blue_large.gif","10/19/2012 9:56:38 AM"
"76","System.Byte[]","racer02_green_f_small.gif","System.Byte[]","racer02_green_f_large.gif","10/19/2012 9:56:38 AM"
"77","System.Byte[]","racer02_green_small.gif","System.Byte[]","racer02_green_large.gif","10/19/2012 9:56:38 AM"
"78","System.Byte[]","hotrodbike_black_small.gif","System.Byte[]","hotrodbike_black_large.gif","4/30/2012 12:00:00 AM"
"79","System.Byte[]","hotrodbike_blue_small.gif","System.Byte[]","hotrodbike_blue_large.gif","10/19/2012 9:56:38 AM"
"80","System.Byte[]","hotrodbike_f_small.gif","System.Byte[]","hotrodbike_f_large.gif","4/30/2013 12:00:00 AM"
"81","System.Byte[]","hotrodbike_f_silver_small.gif","System.Byte[]","hotrodbike_f_silver_large.gif","4/30/2013 12:00:00 AM"
"82","System.Byte[]","hotrodbike_small.gif","System.Byte[]","hotrodbike_large.gif","4/30/2013 12:00:00 AM"
"83","System.Byte[]","hotrodbike_red_small.gif","System.Byte[]","hotrodbike_red_large.gif","10/19/2012 9:56:38 AM"
"84","System.Byte[]","hotrodbike_silver_small.gif","System.Byte[]","hotrodbike_silver_large.gif","4/30/2012 12:00:00 AM"
"85","System.Byte[]","hotrodbike_yellow_small.gif","System.Byte[]","hotrodbike_yellow_large.gif","10/19/2012 9:56:38 AM"
"86","System.Byte[]","julianax_r_02_black_small.gif","System.Byte[]","julianax_r_02_black_large.gif","10/19/2012 9:56:38 AM"
"87","System.Byte[]","julianax_r_02_blue_small.gif","System.Byte[]","julianax_r_02_blue_large.gif","10/19/2012 9:56:38 AM"
"88","System.Byte[]","julianax_r_02_f_black_small.gif","System.Byte[]","julianax_r_02_f_black_large.gif","10/19/2012 9:56:38 AM"
"89","System.Byte[]","julianax_r_02_f_blue_small.gif","System.Byte[]","julianax_r_02_f_blue_large.gif","10/19/2012 9:56:38 AM"
"90","System.Byte[]","julianax_r_02_f_gold_small.gif","System.Byte[]","julianax_r_02_f_gold_large.gif","10/19/2012 9:56:38 AM"
"91","System.Byte[]","julianax_r_02_f_green_small.gif","System.Byte[]","julianax_r_02_f_green_large.gif","10/19/2012 9:56:38 AM"
"93","System.Byte[]","julianax_r_02_f_red_small.gif","System.Byte[]","julianax_r_02_f_red_large.gif","10/19/2012 9:56:38 AM"
"94","System.Byte[]","julianax_r_02_gold_small.gif","System.Byte[]","julianax_r_02_gold_large.gif","10/19/2012 9:56:38 AM"
"95","System.Byte[]","julianax_r_02_green_small.gif","System.Byte[]","julianax_r_02_green_large.gif","10/19/2012 9:56:38 AM"
"97","System.Byte[]","julianax_r_02_red_small.gif","System.Byte[]","julianax_r_02_red_large.gif","10/19/2012 9:56:38 AM"
"98","System.Byte[]","julianax_r_02_silver_small.gif","System.Byte[]","julianax_r_02_silver_large.gif","10/19/2012 9:56:38 AM"
"99","System.Byte[]","julianax_r_02_yellow_small.gif","System.Byte[]","julianax_r_02_yellow_large.gif","10/19/2012 9:56:38 AM"
"100","System.Byte[]","racer02_red_small.gif","System.Byte[]","racer02_red_large.gif","10/19/2012 9:56:38 AM"
"102","System.Byte[]","roadster_black_small.gif","System.Byte[]","roadster_black_large.gif","10/19/2012 9:56:38 AM"
"103","System.Byte[]","roadster_blue_small.gif","System.Byte[]","roadster_blue_large.gif","10/19/2012 9:56:38 AM"
"105","System.Byte[]","roadster_green_f_small.gif","System.Byte[]","roadster_green_f_large.gif","10/19/2012 9:56:38 AM"
"106","System.Byte[]","roadster_green_small.gif","System.Byte[]","roadster_green_large.gif","10/19/2012 9:56:38 AM"
"107","System.Byte[]","roadster_small.gif","System.Byte[]","roadster_large.gif","10/19/2012 9:56:38 AM"
"108","System.Byte[]","roadster_purple_f_small.gif","System.Byte[]","roadster_purple_f_large.gif","10/19/2012 9:56:38 AM"
"109","System.Byte[]","roadster_purple_small.gif","System.Byte[]","roadster_purple_large.gif","10/19/2012 9:56:38 AM"
"110","System.Byte[]","roadster_red_f_small.gif","System.Byte[]","roadster_red_f_large.gif","10/19/2012 9:56:38 AM"
"111","System.Byte[]","roadster_red_small.gif","System.Byte[]","roadster_red_large.gif","5/1/2011 12:00:00 AM"
"112","System.Byte[]","roadster_silver_small.gif","System.Byte[]","roadster_silver_large.gif","10/19/2012 9:56:38 AM"
"113","System.Byte[]","roadster_yellow_f_small.gif","System.Byte[]","roadster_yellow_f_large.gif","4/30/2013 12:00:00 AM"
"114","System.Byte[]","roadster_yellow_small.gif","System.Byte[]","roadster_yellow_large.gif","10/19/2012 9:56:38 AM"
"115","System.Byte[]","racer02_silver_small.gif","System.Byte[]","racer02_silver_large.gif","10/19/2012 9:56:38 AM"
"117","System.Byte[]","superlight_black_f_small.gif","System.Byte[]","superlight_black_f_large.gif","10/19/2012 9:56:38 AM"
"118","System.Byte[]","superlight_black_small.gif","System.Byte[]","superlight_black_large.gif","5/1/2011 12:00:00 AM"
"119","System.Byte[]","superlight_blue_f_small.gif","System.Byte[]","superlight_blue_f_large.gif","5/1/2011 12:00:00 AM"
"120","System.Byte[]","superlight_blue_small.gif","System.Byte[]","superlight_blue_large.gif","10/19/2012 9:56:38 AM"
"123","System.Byte[]","superlight_metalicgreen_f_small.gif","System.Byte[]","superlight_metalicgreen_f_large.gif","10/19/2012 9:56:38 AM"
"124","System.Byte[]","superlight_metalicgreen_small.gif","System.Byte[]","superlight_metalicgreen_large.gif","10/19/2012 9:56:38 AM"
"125","System.Byte[]","superlight_red_f_small.gif","System.Byte[]","superlight_red_f_large.gif","10/19/2012 9:56:38 AM"
"126","System.Byte[]","superlight_red_small.gif","System.Byte[]","superlight_red_large.gif","5/1/2011 12:00:00 AM"
"127","System.Byte[]","superlight_silver_f_small.gif","System.Byte[]","superlight_silver_f_large.gif","5/1/2011 12:00:00 AM"
"128","System.Byte[]","superlight_silver_small.gif","System.Byte[]","superlight_silver_large.gif","5/1/2011 12:00:00 AM"
"129","System.Byte[]","superlight_yellow_f_small.gif","System.Byte[]","superlight_yellow_f_large.gif","5/1/2011 12:00:00 AM"
"130","System.Byte[]","superlight_yellow_small.gif","System.Byte[]","superlight_yellow_large.gif","10/19/2012 9:56:38 AM"
"131","System.Byte[]","racer02_yellow_f_small.gif","System.Byte[]","racer02_yellow_f_large.gif","4/30/2012 12:00:00 AM"
"133","System.Byte[]","chain_small.gif","System.Byte[]","chain_large.gif","4/30/2012 12:00:00 AM"
"134","System.Byte[]","chain_lube_small.gif","System.Byte[]","chain_lube_large.gif","4/30/2012 12:00:00 AM"
"135","System.Byte[]","clipless_pedals_small.gif","System.Byte[]","clipless_pedals_large.gif","4/30/2013 12:00:00 AM"
"136","System.Byte[]","co2_4tire_small.gif","System.Byte[]","co2_4tire_large.gif","4/30/2013 12:00:00 AM"
"137","System.Byte[]","double_headlight_small.gif","System.Byte[]","double_headlight_large.gif","4/30/2012 12:00:00 AM"
"138","System.Byte[]","fork_small.gif","System.Byte[]","fork_large.gif","4/30/2012 12:00:00 AM"
"139","System.Byte[]","frame_black_small.gif","System.Byte[]","frame_black_large.gif","5/1/2011 12:00:00 AM"
"140","System.Byte[]","frame_blue_small.gif","System.Byte[]","frame_blue_large.gif","10/19/2012 9:56:38 AM"
"141","System.Byte[]","frame_small.gif","System.Byte[]","frame_large.gif","10/19/2012 9:56:38 AM"
"142","System.Byte[]","frame_red_small.gif","System.Byte[]","frame_red_large.gif","10/19/2012 9:56:38 AM"
"143","System.Byte[]","frame_silver_small.gif","System.Byte[]","frame_silver_large.gif","5/1/2011 12:00:00 AM"
"144","System.Byte[]","frame_yellow_small.gif","System.Byte[]","frame_yellow_large.gif","10/19/2012 9:56:38 AM"
"145","System.Byte[]","handlebar_small.gif","System.Byte[]","handlebar_large.gif","4/30/2012 12:00:00 AM"
"146","System.Byte[]","mb_tires_small.gif","System.Byte[]","mb_tires_large.gif","4/30/2013 12:00:00 AM"
"147","System.Byte[]","pedal_small.gif","System.Byte[]","pedal_large.gif","4/30/2013 12:00:00 AM"
"149","System.Byte[]","saddle_small.gif","System.Byte[]","saddle_large.gif","4/30/2013 12:00:00 AM"
"150","System.Byte[]","silver_chain_small.gif","System.Byte[]","silver_chain_large.gif","4/30/2013 12:00:00 AM"
"151","System.Byte[]","silver_pedal_small.gif","System.Byte[]","silver_pedal_large.gif","4/30/2013 12:00:00 AM"
"152","System.Byte[]","silver_sprocket_small.gif","System.Byte[]","silver_sprocket_large.gif","4/30/2013 12:00:00 AM"
"153","System.Byte[]","single_headlight_small.gif","System.Byte[]","single_headlight_large.gif","4/30/2012 12:00:00 AM"
"154","System.Byte[]","sprocket_small.gif","System.Byte[]","sprocket_large.gif","4/30/2013 12:00:00 AM"
"155","System.Byte[]","street_tires_small.gif","System.Byte[]","street_tires_large.gif","4/30/2013 12:00:00 AM"
"156","System.Byte[]","tail_lights_small.gif","System.Byte[]","tail_lights_large.gif","4/30/2012 12:00:00 AM"
"157","System.Byte[]","tirepatch_kit_small.gif","System.Byte[]","tirepatch_kit_large.gif","4/30/2013 12:00:00 AM"
"158","System.Byte[]","water_bottle_cage_small.gif","System.Byte[]","water_bottle_cage_large.gif","4/30/2013 12:00:00 AM"
"159","System.Byte[]","water_bottle_small.gif","System.Byte[]","water_bottle_large.gif","4/30/2013 12:00:00 AM"
"160","System.Byte[]","wheel_small.gif","System.Byte[]","wheel_large.gif","3/31/2008 12:00:00 AM"
"161","System.Byte[]","awc_jersey_female_small.gif","System.Byte[]","awc_jersey_female_large.gif","3/31/2008 12:00:00 AM"
"162","System.Byte[]","awc_jersey_male_small.gif","System.Byte[]","awc_jersey_male_large.gif","5/1/2011 12:00:00 AM"
"163","System.Byte[]","awc_tee_female_small.gif","System.Byte[]","awc_tee_female_large.gif","5/1/2011 12:00:00 AM"
"164","System.Byte[]","awc_tee_male_small.gif","System.Byte[]","awc_tee_male_large.gif","5/1/2011 12:00:00 AM"
"165","System.Byte[]","awc_tee_male_yellow_small.gif","System.Byte[]","awc_tee_male_yellow_large.gif","4/30/2013 12:00:00 AM"
"166","System.Byte[]","bikepump_small.gif","System.Byte[]","bikepump_large.gif","4/30/2012 12:00:00 AM"
"167","System.Byte[]","bike_lock_small.gif","System.Byte[]","bike_lock_large.gif","4/30/2012 12:00:00 AM"
"168","System.Byte[]","bike_shoes_small.gif","System.Byte[]","bike_shoes_large.gif","4/30/2012 12:00:00 AM"
"169","System.Byte[]","bike_shorts_female_small.gif","System.Byte[]","bike_shorts_female_large.gif","4/30/2012 12:00:00 AM"
"170","System.Byte[]","bike_shorts_male_small.gif","System.Byte[]","bike_shorts_male_large.gif","4/30/2012 12:00:00 AM"
"172","System.Byte[]","handpump_small.gif","System.Byte[]","handpump_large.gif","4/30/2012 12:00:00 AM"
"173","System.Byte[]","innertube_small.gif","System.Byte[]","innertube_large.gif","4/30/2013 12:00:00 AM"
"174","System.Byte[]","mb_shoes_small.gif","System.Byte[]","mb_shoes_large.gif","4/30/2013 12:00:00 AM"
"175","System.Byte[]","shorts_female_small.gif","System.Byte[]","shorts_female_large.gif","4/30/2013 12:00:00 AM"
"176","System.Byte[]","shorts_male_small.gif","System.Byte[]","shorts_male_large.gif","4/30/2012 12:00:00 AM"
"177","System.Byte[]","racer_black_small.gif","System.Byte[]","racer_black_large.gif","4/30/2012 12:00:00 AM"
"178","System.Byte[]","racer_blue_small.gif","System.Byte[]","racer_blue_large.gif","10/19/2012 9:56:38 AM"
"179","System.Byte[]","racer_red_small.gif","System.Byte[]","racer_red_large.gif","4/30/2012 12:00:00 AM"
"180","System.Byte[]","racer_silver_small.gif","System.Byte[]","racer_silver_large.gif","10/19/2012 9:56:38 AM"
"181","System.Byte[]","racer_yellow_small.gif","System.Byte[]","racer_yellow_large.gif","10/19/2012 9:56:38 AM"
